,pred,real,FP,TP,FN,TN
count,1368.0,1368.0,1368.0,1368.0,1368.0,1368.0
mean,0.6535087719298246,0.5394736842105263,0.1615497076023392,0.4919590643274854,0.04751461988304093,0.2989766081871345
std,0.4760259454354129,0.49862167083976594,0.36817181612482086,0.5001181643163475,0.21281467893350334,0.45797698281644855
min,0.0,0.0,0.0,0.0,0.0,0.0
25%,0.0,0.0,0.0,0.0,0.0,0.0
50%,1.0,1.0,0.0,0.0,0.0,0.0
75%,1.0,1.0,0.0,1.0,0.0,1.0
max,1.0,1.0,1.0,1.0,1.0,1.0
