,pred,real,FP,TP,FN,TN
count,10000.0,10000.0,10000.0,10000.0,10000.0,10000.0
mean,0.4012,0.1218,0.2884,0.1128,0.009,0.5898
std,0.4901658762690706,0.32707102828858836,0.4530407979381765,0.31636398122552084,0.094445179809236,0.49189445617490096
min,0.0,0.0,0.0,0.0,0.0,0.0
25%,0.0,0.0,0.0,0.0,0.0,0.0
50%,0.0,0.0,0.0,0.0,0.0,1.0
75%,1.0,0.0,1.0,0.0,0.0,1.0
max,1.0,1.0,1.0,1.0,1.0,1.0
